"	Email",Address,Avatar,Time on App,Time on Website,Price,Discount,Marketing spend,Rating,Sales,Date
mstephenson@fernandez.com,"835 Frank TunnelWrightmouth, MI 82180-9605",Violet,12.66,39.58,632,9,6389,5,623,01-01-2024
hduke@hotmail.com,"4547 Archer CommonDiazchester, CA 06566-8576",DarkGreen,11.11,37.27,575,9,6252,4,566,02-01-2024
pallen@yahoo.com,"24645 Valerie Unions Suite 582Cobbborough, DC 99414-7564",Bisque,11.33,37.11,282,15,3341,3,267,03-01-2024
riverarebecca@gmail.com,"1414 David ThroughwayPort Jason, OH 22070-1220",SaddleBrown,13.72,36.72,264,17,3962,5,247,04-01-2024
mstephens@davidson-herman.com,"14023 Rodriguez PassagePort Jacobville, PR 37242-1057",MediumAquaMarine,12.8,37.54,254,8,9230,4,246,05-01-2024
alvareznancy@lucas.biz,"645 Martha Park Apt. 611Jeffreychester, MN 67218-7250",FloralWhite,12.03,34.48,226,10,6955,4,216,06-01-2024
katherine20@yahoo.com,"68388 Reyes Lights Suite 692Josephbury, WV 92213-0247",DarkSlateBlue,11.37,36.68,561,19,7537,3,542,07-01-2024
awatkins@yahoo.com,Unit 6538 Box 8980DPO AP 09026-4941,Aqua,12.35,37.37,981,14,3931,5,967,08-01-2024
vchurch@walter-martinez.com,"860 Lee KeyWest Debra, SD 97450-0495",Salmon,13.39,37.53,145,17,2348,5,128,09-01-2024
bonnie69@lin.biz,"PSC 2734, Box 5255APO AA 98456-7482",Brown,11.81,37.15,949,19,3580,4,930,10-01-2024
andrew06@peterson.com,"26104 Alexander GrovesAlexandriaport, WY 28244-9149",Tomato,13.34,37.23,339,13,1081,4,326,11-01-2024
ryanwerner@freeman.biz,Unit 2413 Box 0347DPO AA 07580-2652,Tomato,11.58,37.09,477,16,4013,4,461,12-01-2024
knelson@gmail.com,"6705 Miller Orchard Suite 186Lake Shanestad, MO 75696-5051",RoyalBlue,10.96,37.42,678,17,3724,3,661,13-01-2024
wrightpeter@yahoo.com,"05302 Dunlap FerryNew Stephaniehaven, MP 42268",Bisque,12.96,36.14,910,20,1273,3,890,14-01-2024
taylormason@gmail.com,"7773 Powell Springs Suite 190Samanthaland, ND 44358",DarkBlue,13.15,36.62,907,17,3593,5,890,15-01-2024
jstark@anderson.com,"49558 Ramirez Road Suite 399Phillipstad, OH 35641-3238",Peru,12.64,36.21,978,12,1129,4,966,16-01-2024
wjennings@gmail.com,"6362 Wilson MountainJohnsonfurt, GA 15169",PowderBlue,11.73,34.89,709,8,7473,5,701,17-01-2024
rebecca45@hale-bauer.biz,"8982 Burton RowWilsonton, PW 88606",OliveDrab,12.01,38.39,174,13,9908,3,161,18-01-2024
alejandro75@hotmail.com,"64475 Andre Club Apt. 795Port Dannytown, PW 63227",Cyan,14.72,38.24,735,13,7831,3,722,19-01-2024
samuel46@love-west.net,"544 Alexander Heights Suite 768North Johnview, MT 57912",LightSeaGreen,13.99,37.19,318,5,1798,4,313,20-01-2024
megan33@gmail.com,"84426 Julia VistaNorth Teresa, KY 50756",PeachPuff,11.37,37.61,253,14,8600,3,239,21-01-2024
agolden@yahoo.com,"PSC 2490, Box 2120APO AE 15445-2876",Black,12.88,37.44,929,10,4547,5,919,22-01-2024
vstafford@hotmail.com,"PSC 5723, Box 8159APO AA 74738",Olive,13.38,38.73,269,12,5124,5,257,23-01-2024
denise22@hernandez-townsend.com,USNS CardenasFPO AA 85439-9449,Silver,11.66,36.77,771,11,1358,3,760,24-01-2024
youngbarbara@yahoo.com,"019 Elliott Tunnel Suite 190Nicholsbury, WV 60804-4440",Wheat,12.89,37.64,668,8,3795,5,660,25-01-2024
william25@mcconnell.com,"9495 Mary Fall Apt. 777Glassport, ND 17957-5596",Teal,11.77,37.74,283,19,5116,4,264,26-01-2024
ijones@schaefer-carr.net,"657 Judith CrossroadHancockchester, VI 75658-5788",Linen,12.78,36.43,797,6,1205,5,791,27-01-2024
heatherhall@yahoo.com,"8522 Regina Port Suite 782Port Kaitlin, TX 50501-7264",MediumSlateBlue,13.01,37.85,804,7,6681,4,797,28-01-2024
tinasmith@martinez.info,"40000 Ann Port Suite 474Youngberg, MS 03651",LemonChiffon,11.98,35.29,237,10,1169,4,227,29-01-2024
chasejennifer@hotmail.com,"9507 Robert Prairie Apt. 601East Crystalview, SC 56814",DarkOrchid,11.97,37.28,976,17,3648,5,959,30-01-2024
jenniferbarnett@gmail.com,"0772 Michael Isle Suite 617Meyerstown, WA 45449-6768",SeaGreen,12.31,36.16,440,12,1705,5,428,31-01-2024
jared39@hotmail.com,"739 David Isle Suite 818Chandlertown, DC 34587",SteelBlue,10.87,35.62,247,15,7778,5,232,01-02-2024
briancarlson@page-fleming.com,USCGC GillFPO AA 26496,DarkMagenta,13.39,35.69,850,8,1312,3,842,02-02-2024
joshuaodom@gmail.com,"5277 Patel BrookEast Audrey, NJ 19075",DarkGoldenRod,13.1,38.88,451,17,6588,3,434,03-02-2024
vickie90@lee-wilson.com,"9135 Rodriguez DamRamirezberg, MS 77223",DarkSeaGreen,11.63,35.37,406,17,3597,4,389,04-02-2024
duane56@hotmail.com,"24373 Mcgee Drive Apt. 990New Mariahaven, NH 14470",Gainsboro,11.94,38.77,286,5,1620,3,281,05-02-2024
enash@gmail.com,"997 Campbell Flat Suite 970East Amanda, PW 22048",HotPink,11.76,36.77,440,10,8589,3,430,06-02-2024
sandraharrison@bailey-gordon.net,"7835 Rogers RoadsEast Amberhaven, MI 70835-2286",LightSeaGreen,11.98,37.04,381,11,6383,3,370,07-02-2024
cunninghamwilliam@hotmail.com,"4589 Dan FordsBeasleyburgh, ME 96590-8272",HoneyDew,9.95,37.39,351,20,2294,3,331,08-02-2024
teresaallen@hill-leach.info,"1958 Robert Bridge Apt. 250Malloryland, ID 03393-5336",WhiteSmoke,12.49,36.37,498,6,3102,5,492,09-02-2024
rhonda96@little.org,"2977 Perez RowLake Jack, TN 45336-9436",GhostWhite,11.73,37.53,364,9,7071,4,355,10-02-2024
lisacabrera@yahoo.com,"9801 Thomas Pike Suite 058Brandishire, AK 88122-1314",DarkSlateBlue,10.63,37.5,734,6,4022,3,728,11-02-2024
jasonrichardson@elliott.com,"18372 Matthew Fork Suite 705North Matthewmouth, KY 99737",Chocolate,12.51,37.14,682,5,7553,4,677,12-02-2024
hoovernicole@dorsey.net,"69403 Hernandez KnollsMarciashire, DE 36417-5667",HoneyDew,11.53,36.89,941,17,4835,3,924,13-02-2024
christopher20@gmail.com,USNV FullerFPO AE 32122-5711,Snow,13.41,36.11,895,5,8642,4,890,14-02-2024
brianwilson@yahoo.com,"448 Stewart DivideNew Ashleyfort, FM 84050",BurlyWood,12.17,39.13,183,9,3516,5,174,15-02-2024
gonzaleskatie@gmail.com,"70129 Darrell SpringThomasmouth, HI 39319-2739",Moccasin,13.15,37.34,789,12,6010,5,777,16-02-2024
lsmith@chung.com,"412 Jackson RiverKleinburgh, KS 52039-7404",BlueViolet,12.99,36.46,766,10,3179,4,756,17-02-2024
dongarcia@hotmail.com,"546 Benjamin Lights Suite 421Romerofurt, NC 43746-4501",MediumBlue,11.86,36.58,628,12,3899,4,616,18-02-2024
kimberly46@garcia-nelson.biz,"4066 Gonzalez Dam Apt. 277West Jessica, TN 36880",GreenYellow,11.4,36.59,716,6,7236,5,710,19-02-2024
william82@gmail.com,"11143 Park SquaresSamanthatown, UT 97073",SandyBrown,13.86,37.78,933,18,1686,5,915,20-02-2024
brenda82@maldonado-gonzalez.net,"645 Elizabeth PassWilliamview, MS 51544",MediumVioletRed,10.96,37.27,243,15,6920,3,228,21-02-2024
josephgould@west.info,"861 Annette Stream Suite 771North Miguel, CA 33824-1610",DarkBlue,10.32,37.45,683,5,3054,5,678,22-02-2024
wbrady@yahoo.com,"044 Riggs ExpresswayLake Stevenchester, AL 22283",SandyBrown,9.98,35.93,233,11,2696,3,222,23-02-2024
smithtracey@mcgee.com,"PSC 4508, Box 7961APO AA 55271-2375",DarkOliveGreen,12.65,38.47,944,5,4332,3,939,24-02-2024
amberchase@fowler.info,"1867 Gregory Isle Suite 022Port Tammy, LA 52305-9696",GreenYellow,11.59,35.25,329,16,8453,3,313,25-02-2024
gregoryholmes@hotmail.com,"2891 Martin Plain Suite 197Melaniestad, NE 65650-8529",DarkSalmon,13.76,39.25,783,8,3772,5,775,26-02-2024
jeffreydawson@gmail.com,"9944 Trevor ExpresswayRobinsonstad, OR 34630-1840",DarkSeaGreen,10.57,36.17,322,15,4008,4,307,27-02-2024
rjohns@gmail.com,"264 Derek Dam Apt. 680West Danielle, SD 91517-8611",DeepPink,11.83,36.81,729,10,8376,4,719,28-02-2024
john85@martin-morgan.com,USNV ReeseFPO AA 73568-0730,Olive,12.06,37.27,645,11,3654,3,634,29-02-2024
vcoleman@yahoo.com,"7761 Hughes Curve Apt. 880Rodriguezberg, MN 96206-5317",SkyBlue,12.5,38.05,781,19,3051,5,762,01-03-2024
floresarthur@yahoo.com,"12612 Johnson Skyway Suite 764Jessicaville, CT 14968-6590",Magenta,9.61,36.49,402,8,7340,3,394,02-03-2024
ryan36@gmail.com,"5379 Rhonda Prairie Apt. 696Brownland, WA 87027",DarkTurquoise,13.73,38,407,11,7381,3,396,03-03-2024
chris67@ryan.biz,"716 Bush Greens Apt. 098Trevorton, MA 17817-8000",Silver,11.67,37.41,872,16,3208,3,856,04-03-2024
katie25@gmail.com,"6861 Lopez Fork Apt. 114South Jamiechester, DE 63993",SpringGreen,13.28,36.6,324,19,4370,3,305,05-03-2024
kyang@diaz.org,"223 Love Trail Suite 831Port Jeffrey, IN 46849",OliveDrab,15.13,37.16,171,14,5523,3,157,06-03-2024
tadams@contreras.info,"049 Matthew TerraceLake Matthew, MS 20210",Aqua,12.7,35.36,661,11,1363,5,650,07-03-2024
craigcastro@burgess.com,"65407 Warner Forges Suite 071New Lori, AZ 30132-2395",OrangeRed,11.84,36.38,150,13,1886,5,137,08-03-2024
ellen24@anthony.com,"PSC 3408, Box 3353APO AE 05113-1257",LimeGreen,11.31,37.68,355,10,6615,5,345,09-03-2024
davisrobert@hicks-smith.com,"95967 Pitts BurgsWest Sarah, MH 27817-5147",SkyBlue,11.19,40.01,128,15,7392,5,113,10-03-2024
walkerlaura@peterson-yates.com,"89154 Jones Stream Suite 311East Katie, NC 72742-1516",LightGreen,11.89,36.27,644,10,2606,3,634,11-03-2024
marc54@hotmail.com,Unit 6174 Box 1949DPO AP 27478,SandyBrown,12.23,36.16,415,11,7032,5,404,12-03-2024
gregoryrussell@yahoo.com,"55436 Devon PlainWest Kendraberg, HI 18826-3623",Teal,10.67,38.01,506,20,6772,3,486,13-03-2024
williamsjohnny@ferguson.info,"51920 Kent Junctions Apt. 352Walkerport, NY 11257-6647",LightYellow,12.82,37.03,138,18,7123,4,120,14-03-2024
haydenrebecca@gmail.com,"10022 Wilson Orchard Suite 107Harrisstad, MH 99272",MintCream,13.59,38.26,251,16,2295,5,235,15-03-2024
langmatthew@hotmail.com,"606 Perez DrivesMaryside, CO 94387-5877",DimGray,12.24,38.73,544,13,6543,5,531,16-03-2024
david43@richards.com,"967 Andrew SpursMathistown, CO 28230",Indigo,11.55,36.63,831,6,6678,5,825,17-03-2024
paulkemp@yahoo.com,"PSC 9698, Box 5466APO AE 75496-3580",LightSalmon,11.43,35.89,211,7,7694,3,204,18-03-2024
fbryant@gmail.com,"284 Jennifer CurveLake Hollyberg, IN 05228",GreenYellow,10.89,38.21,145,17,1109,3,128,19-03-2024
kimberlyfrederick@gmail.com,"71299 Jessica ShoalsEast Mark, IA 48085-1070",DeepSkyBlue,11.93,36.91,840,15,4812,3,825,20-03-2024
sharon82@saunders.info,"873 Clay Flats Apt. 810Lake Kyle, GU 48782",DarkGreen,12.6,39.6,949,20,6827,5,929,21-03-2024
fishermichael@ramos.com,"565 Duarte Keys Suite 293Traceytown, IN 17797",LimeGreen,10.95,35.88,560,20,5694,3,540,22-03-2024
ilawson@hotmail.com,"19018 Christopher Neck Apt. 963Mcintoshchester, IA 66908-2456",DarkGoldenRod,13.9,37.06,953,6,7298,3,947,23-03-2024
shafferdaniel@murphy-harris.info,USCGC ThomasFPO AP 43708-2468,Turquoise,10.88,37.78,901,6,3213,5,895,24-03-2024
stevenanderson@yahoo.com,"5401 Holt Corner Apt. 195Hannahstad, NC 86693-3595",LightGreen,10.34,36.16,927,10,8351,5,917,25-03-2024
richard16@boyer-pratt.com,"4568 Jeffrey Lane Apt. 512South Jason, WV 78116-0966",LightSteelBlue,11.63,36.18,704,14,5218,3,690,26-03-2024
hyoung@jones.info,"73469 Baker Forest Apt. 550Allenbury, TX 63791",Cornsilk,12.52,37.15,489,12,7027,5,477,27-03-2024
erik46@hotmail.com,"20711 Martin Harbors Apt. 582New Justinborough, AK 40834-2664",LemonChiffon,10.61,36.82,673,16,1388,4,657,28-03-2024
rojasmichael@wagner-thomas.com,"7602 Scott Plaza Apt. 158Lake Amberland, VI 10516-3276",DarkKhaki,12.83,36.95,896,16,1421,5,880,29-03-2024
lance88@briggs.com,"16001 Wilkins Island Suite 852Jonathanfort, AL 88541-7817",FireBrick,12.07,36.11,767,10,6886,5,757,30-03-2024
anthony09@hotmail.com,"5118 Madden Views Apt. 738North Barryport, AS 28731-2270",LightSeaGreen,12.53,37.88,418,11,9689,5,407,31-03-2024
audreyjohnson@rosales.com,USCGC NicholsonFPO AE 43987-0470,SlateGray,13.52,36.77,578,18,9048,3,560,01-04-2024
beth76@yahoo.com,"4522 Paul Heights Suite 851Adamsland, RI 08981",Crimson,11.66,36.05,907,15,7997,3,892,02-04-2024
larrywest@davis.com,"21918 Gail GlensBarbershire, SD 45790-8387",MidnightBlue,13.66,37.72,377,10,9506,5,367,03-04-2024
raylopez@hotmail.com,"3600 Amber Plains Suite 002North Jamesburgh, VA 07917",DarkGoldenRod,11.83,36.63,865,10,8818,5,855,04-04-2024
middletonrenee@gmail.com,"71757 David Freeway Apt. 851West Carriefurt, NC 27106-3364",DarkCyan,13.29,38.63,982,6,8342,5,976,05-04-2024
grichardson@ryan.info,"79139 Boone CommonStewartstad, DE 63633-1812",SteelBlue,11.94,38.06,583,15,2898,3,568,06-04-2024
esmith@gmail.com,USS JohnsonFPO AE 35617-5384,OldLace,13.35,37.83,148,12,5541,5,136,07-04-2024
michael53@munoz.com,USNS MitchellFPO AP 92946,MediumBlue,12.02,39.07,651,18,9396,4,633,08-04-2024
jacqueline46@mcdonald-smith.biz,"3794 Michael Forest Apt. 750New Stephenberg, MD 61004-0181",Gray,12.08,35.89,728,5,5005,4,723,09-04-2024
briannasantana@gmail.com,"88978 Noble CrestNorth Rosemouth, FM 53484-6689",LightPink,13.41,35.99,789,8,6590,3,781,10-04-2024
mark52@yahoo.com,"82227 Farmer Throughway Suite 266Leeborough, WV 35324",BlanchedAlmond,11.28,37.39,878,16,9385,5,862,11-04-2024
acampbell@sanchez-velasquez.info,"5791 Jessica CoveMckinneyborough, OK 64460-7536",Wheat,11.45,37.58,455,7,1000,5,448,12-04-2024
qgarcia@williams.com,"465 Kenneth Common Apt. 192North Tracy, WI 36024-8978",Aqua,12.6,36.26,467,5,3918,5,462,13-04-2024
jenniferking@hess.net,"06939 Jones NeckMariaview, VT 87641",BlueViolet,10.99,38.07,364,14,9724,5,350,14-04-2024
taylor91@hotmail.com,"3132 Willie HarborKaylafurt, FL 01107",CadetBlue,13.09,35.85,691,15,3441,5,676,15-04-2024
afry@ford.biz,"399 Jeremy Skyway Suite 377North Keithville, IL 55074",PaleTurquoise,12.19,36.15,404,12,4636,3,392,16-04-2024
amandadean@gmail.com,"66880 Mckinney HillsMatthewchester, MH 88386",DimGray,10.72,37.71,818,18,8794,5,800,17-04-2024
brenda68@hotmail.com,"0377 Reed Via Apt. 169Alexandershire, MO 43498",Moccasin,12.93,38.17,847,15,8807,3,832,18-04-2024
bakerdrew@gmail.com,"39637 Griffin Plain Suite 691New Deborahview, MP 73870-3773",Chartreuse,13.45,38.5,467,9,7791,5,458,19-04-2024
connorlambert@yahoo.com,"931 Andrews HeightsSouth Shelley, NV 21850",Khaki,12.15,37.33,376,6,7205,4,370,20-04-2024
tknapp@yahoo.com,"15810 Karl PlainDavidville, TX 64072",MediumSpringGreen,12.18,37.72,205,9,3796,5,196,21-04-2024
garcialisa@yahoo.com,"46079 Gonzalez LoafWilliamside, PA 72265",LemonChiffon,11.01,38.42,948,14,5921,4,934,22-04-2024
josephallen@hotmail.com,"3144 Jamie RestMaxwellville, NC 93749-1190",PeachPuff,11.6,37.31,509,15,6393,4,494,23-04-2024
hailey18@yahoo.com,"08079 Thompson VillageNorth Lukeborough, AL 16825",Lime,12.73,35.6,727,16,4928,3,711,24-04-2024
whess@hotmail.com,"29282 Alexander StreetSouth Andrewmouth, MS 22041",Tomato,11.22,37.69,367,8,6763,3,359,25-04-2024
josesims@hunter.com,"8830 Debra Loaf Apt. 341Drakeville, ME 22340",SlateBlue,12.01,36.7,628,16,4049,3,612,26-04-2024
dtaylor@webb.com,"18219 Jackson WellFosterton, MP 85302",Orange,11.73,36,789,7,9607,4,782,27-04-2024
briangonzales@gmail.com,"572 Michelle Motorway Apt. 889New Craig, ND 17250",Fuchsia,12.09,38.31,638,16,6107,4,622,28-04-2024
jared99@yahoo.com,"PSC 0811, Box 7054APO AA 91691",GoldenRod,13.07,37.54,198,13,8446,5,185,29-04-2024
qchristian@martinez-allen.com,"26737 Brooks RoadsVincentstad, VA 93089",GreenYellow,12.85,35.01,270,18,8791,3,252,30-04-2024
ngarcia@donaldson.info,"662 Wells Stravenue Apt. 578South Kristaview, DC 49423-2452",ForestGreen,11.56,37.67,953,9,1597,3,944,01-05-2024
scastillo@hotmail.com,"0922 Gutierrez LoafWattsbury, OH 96315",Moccasin,11.11,37.39,229,20,7022,3,209,02-05-2024
joshua56@garcia.com,"38154 Davis LocksLake Stevenfort, KY 86814-9222",Indigo,12.81,36.55,536,19,6463,5,517,03-05-2024
richard81@day.org,"7955 Samantha Walk Suite 230North Luis, IL 44629",SlateBlue,11.76,37.57,541,20,5865,5,521,04-05-2024
jessica97@hotmail.com,"32202 Curtis Branch Apt. 411Port Brettmouth, KY 01192-0594",Cyan,12.58,37.09,893,15,4085,3,878,05-05-2024
angelaphillips@gmail.com,"102 Karen CourtNew Jameston, SC 57761-6570",MintCream,11.96,36.63,887,5,7432,5,882,06-05-2024
donald67@harrison.com,"9759 Tammy Skyway Apt. 171Lake Debra, AS 95011",Lime,10.65,37.15,746,13,8506,3,733,07-05-2024
zmalone@yahoo.com,"PSC 6717, Box 7673APO AE 66950-0088",Moccasin,12.75,36.71,979,10,6711,3,969,08-05-2024
rlindsey@norris.com,"581 Smith Prairie Suite 995Andersontown, AS 58802",Green,11.54,37.53,897,11,5844,3,886,09-05-2024
lewisgabrielle@hotmail.com,"422 Rivers Springs Suite 221North Barbara, WI 51990-7596",LightSkyBlue,11.92,37.25,525,16,4747,3,509,10-05-2024
kristina69@gmail.com,"2859 Rodriguez ForksPort Josephtown, OH 13591-3011",BlueViolet,12.42,38.95,973,6,5189,5,967,11-05-2024
krista86@norton.net,"0537 Rice VillageWest Kylieberg, NJ 19433-5090",Azure,11.81,37.41,775,9,1050,4,766,12-05-2024
chelsea05@hansen.com,"7182 Stephen Fork Suite 150Port Laurachester, CO 99974-1961",LightGray,12.76,36.6,797,17,5231,3,780,13-05-2024
jill33@allen.com,"459 Amy BurgLake Travis, OR 53314",DarkCyan,11.85,37.42,779,14,1684,4,765,14-05-2024
welchashlee@hotmail.com,"PSC 8159, Box 3254APO AP 71071-4890",GreenYellow,12.7,36.1,115,10,2876,3,105,15-05-2024
dawnlewis@watkins.org,"623 Erica FlatLake Josephland, MT 73514",Crimson,12.22,36.59,266,10,2278,4,256,16-05-2024
ashleychristopher@gmail.com,"9271 Christopher PrairieDouglasshire, NM 18581",MediumOrchid,11.28,36.49,767,7,1171,5,760,17-05-2024
acontreras@hotmail.com,"88995 Edwards Row Suite 456North Jo, DE 02062-7953",Sienna,10.74,37.46,578,5,9170,3,573,18-05-2024
alvaradoadam@jones-thompson.com,"35970 Holly KeyPort Frank, VT 78059-9385",Aquamarine,10.96,37.33,883,5,6377,5,878,19-05-2024
thomasgeorge@gonzalez-grant.com,"93306 Donald GreensNew Christopherbury, SC 59447",FloralWhite,11.74,36.6,313,5,3178,3,308,20-05-2024
solischristina@gmail.com,"43102 Russo View Suite 717Hollyport, SC 15344",SlateBlue,12.42,35.98,899,16,5048,3,883,21-05-2024
jacksonboone@rubio.com,"973 Marc PortsBrownstad, IN 48786-6700",Sienna,10.54,35.73,212,6,4241,4,206,22-05-2024
kaitlyn78@chang.com,"978 Bean SquareDeanburgh, OR 95149",LimeGreen,11.92,39.29,921,15,5150,3,906,23-05-2024
francisgeorge@thomas.org,"27563 Vincent LakeAllenchester, DC 22159",Teal,11.91,38.27,134,6,5512,3,128,24-05-2024
linda90@yoder.org,"979 Alison Motorway Apt. 676North Frank, HI 55870-2651",WhiteSmoke,12.49,36.52,957,12,8207,4,945,25-05-2024
david79@lopez-montes.com,"969 William ManorWest Sherry, MA 66282-2258",Purple,12.38,37.23,968,10,1835,3,958,26-05-2024
micheleblanchard@lopez-greene.com,"555 Hunt Track Suite 307South Kristi, PA 73709",SlateGray,10.48,37.34,504,16,1912,5,488,27-05-2024
pmercado@rodriguez.com,"811 Maria RunSanchezville, MI 04953",LightPink,12.3,36.95,368,10,8424,5,358,28-05-2024
james30@carter.biz,"3604 Richard Junctions Suite 448Brownburgh, CO 64856-8238",LimeGreen,10.86,36.58,145,12,5822,5,133,29-05-2024
parkerkayla@miles.com,"170 Andrew MewsNorth Susan, NM 85338-2426",DarkSlateBlue,10.72,38.31,578,6,8193,5,572,30-05-2024
alicia85@lee.com,"14220 Carla Flat Suite 521Lake Matthew, DE 06183",DimGray,12.39,37.43,170,14,8407,4,156,31-05-2024
dominguezjacob@hotmail.com,"8594 Erica Manors Apt. 529Lake Miguel, MH 10652-9266",CornflowerBlue,10.98,37.4,561,8,2761,5,553,01-06-2024
ebrown@osborne.com,"4291 Nichols Fork Apt. 562Thomaschester, SC 08938-8769",DarkSlateGray,12.97,36.97,562,10,5885,5,552,02-06-2024
nathan86@hotmail.com,"748 Michael PlazaWest Billyside, UT 20799",MidnightBlue,12.05,36.96,776,16,1904,5,760,03-06-2024
aaron11@luna.com,"672 Jesus Roads Apt. 443Thompsonland, WY 69228",LightSkyBlue,13.46,37.24,999,11,5421,4,988,04-06-2024
fsnow@ellis.com,"0272 Jones WayLake Angela, MP 97003-5793",MediumBlue,12.44,37.33,635,8,7532,3,627,05-06-2024
asilva@yahoo.com,USNV JohnsonFPO AP 19026,Wheat,12.21,33.91,528,9,1013,3,519,06-06-2024
casey21@johnson.com,"691 Johnson Field Apt. 510Michaelville, VI 78140",SpringGreen,11.59,39.09,561,9,8929,5,552,07-06-2024
campbellross@yahoo.com,"6218 Michael Station Apt. 982Salazarburgh, NJ 79955",DarkRed,11.38,38.3,336,11,8870,4,325,08-06-2024
blevinseric@stephens.com,"PSC 3676, Box 1549APO AE 26130-7683",Orange,12.36,38.04,829,16,6924,5,813,09-06-2024
stevenking@patterson.com,"94730 Martin MountNew Matthew, VI 08142-6708",LightGray,12.4,35.01,427,18,1955,5,409,10-06-2024
samuel94@hotmail.com,"5480 Vazquez Crossing Suite 825East Christopherland, PA 42104",DarkViolet,12.54,38.31,501,20,5480,3,481,11-06-2024
johnsonpaul@keller-woodard.org,USCGC DodsonFPO AA 87781-3935,LimeGreen,13.28,36.94,638,8,3743,4,630,12-06-2024
twilliams@gibbs.net,Unit 6678 Box 6628DPO AP 44369,CadetBlue,11.8,37.66,108,5,9429,5,103,13-06-2024
teresapacheco@salinas.biz,"75805 Larry MillsEast Cristian, MH 53820",DarkMagenta,12.72,37.66,784,15,9675,3,769,14-06-2024
allison80@carson-hansen.com,"04311 Oconnor Park Apt. 415Kelleystad, ND 63064-8935",ForestGreen,12.04,38.92,637,17,6082,5,620,15-06-2024
turnerryan@hotmail.com,"770 Lewis Pike Apt. 869Phelpsport, PA 93969-4887",LightSkyBlue,12.47,35.04,457,17,1585,5,440,16-06-2024
walkererica@scott.com,"86536 Barnes TrackSouth Kyle, MT 21570-5606",MediumAquaMarine,13.16,36.41,414,13,7755,5,401,17-06-2024
mark94@yahoo.com,"586 Timothy Union Suite 592East Joseph, MO 81374",Salmon,11.05,37.63,636,16,7312,5,620,18-06-2024
daniellecuevas@hotmail.com,"9287 Daniel Rest Apt. 608Allentown, SD 73050",LavenderBlush,10.64,37.58,751,17,1275,5,734,19-06-2024
gbarnes@gmail.com,"8667 Suzanne Motorway Suite 241Spencechester, KY 74385-4618",Green,13.44,36.88,319,5,6611,4,314,20-06-2024
cody68@hotmail.com,"374 Dana JunctionsLangside, WI 36474",SpringGreen,13.28,35.91,629,11,3576,3,618,21-06-2024
fischermonica@gmail.com,"9847 Michael Plaza Suite 837Lake Christophershire, NV 87324-8427",Navy,11.75,36.94,633,12,9721,3,621,22-06-2024
brenda25@gmail.com,"353 Jones Loaf Apt. 767South Michaelburgh, PR 16281-4840",OliveDrab,10.86,38.84,343,14,7400,4,329,23-06-2024
david58@yahoo.com,"6058 Thomas DivideMatthewland, PA 89442-8198",LightSalmon,11.69,37.48,742,9,9987,3,733,24-06-2024
clifford76@johnson.com,"8032 Hodge Circle Apt. 255Lake Jessicashire, OR 54914",RosyBrown,11.55,38.58,890,19,1032,3,871,25-06-2024
jacquelinehughes@bennett-branch.info,"601 Ashley Loop Suite 162Port Benjaminview, DE 02456",DeepPink,11.72,36.81,186,12,1554,4,174,26-06-2024
victoria53@hotmail.com,"16329 Sara Neck Apt. 463Bryanside, TX 62329",Pink,12.18,35.67,715,12,2480,3,703,27-06-2024
cunninghamkyle@ellis-parker.org,"449 Williamson Lakes Apt. 118Travisville, AK 06848-0177",LightGreen,12.32,37.82,917,15,2474,4,902,28-06-2024
jjones@yahoo.com,"047 Carla LocksCoreymouth, AR 98066",GreenYellow,11.08,37.96,229,6,7513,3,223,29-06-2024
michaelferguson@torres-miles.net,"757 Amber Gateway Apt. 787New Stephaniechester, OR 61576-6056",Sienna,13.18,38.86,618,13,5638,4,605,30-06-2024
crawforderik@price.org,"5183 Michael RampEast Lukeburgh, FL 93972",DarkKhaki,12.83,37.68,468,10,4535,3,458,01-07-2024
jlawson@mccarthy.com,"0127 Morgan Fields Apt. 080Thompsonfurt, ME 01160-7043",LightGray,11.51,37.25,554,17,1706,3,537,02-07-2024
marshchristopher@zimmerman-villegas.com,"667 Stephanie Lake Apt. 658Marthashire, NC 11815-2307",DarkRed,11.86,36.09,195,5,5893,4,190,03-07-2024
oolson@collins.com,"07867 Horn LakeWest Teresatown, VT 64387-1228",Aqua,12.29,37.06,387,6,7833,4,381,04-07-2024
isaiahcampbell@yahoo.com,"55414 Ramirez Union Apt. 614West Crystal, CA 03845-2631",Red,10.93,36.55,265,6,9072,4,259,05-07-2024
kcannon@alvarez-cline.info,"55479 Peters Field Apt. 702North Micheleberg, PR 45063",Lavender,13.33,37.96,555,11,9984,5,544,06-07-2024
nielsencarmen@harrell.net,"2491 Yates Crest Suite 316Connieville, FL 92080-0819",DeepPink,10.9,36.09,522,9,6570,3,513,07-07-2024
efreeman@moore.com,"223 Powell RidgesEast Richardtown, RI 90715-2178",White,12.28,38.23,454,11,6347,5,443,08-07-2024
roblessarah@hotmail.com,"022 Taylor Mews Suite 692Hallberg, NJ 53614",MediumSeaGreen,12.04,37.64,700,11,6004,4,689,09-07-2024
christopherhaas@gmail.com,"56674 Melanie FlatsSchneiderberg, IN 66532",MediumPurple,11.72,37.15,857,7,9375,4,850,10-07-2024
ethomas@yahoo.com,"1279 Douglas MountainsPort Christopherberg, RI 32811-8325",LightGreen,11.2,35.49,473,8,3583,3,465,11-07-2024
wevans@gmail.com,"222 Jason ParkDominguezshire, NC 98241",Tan,13.38,36.34,683,20,1869,5,663,12-07-2024
patrickorr@yahoo.com,"6009 Heather ParkHowardhaven, SD 51705-2993",LawnGreen,11.39,37.91,261,13,1400,3,248,13-07-2024
mary84@edwards.com,"19123 Craig Isle Apt. 719Millsmouth, SC 94194",LightSkyBlue,10.77,37.28,262,8,6625,5,254,14-07-2024
longwilliam@gmail.com,"16068 Kelly ParksWrightside, NH 21447",BurlyWood,11.82,37.1,590,10,7085,5,580,15-07-2024
lisagutierrez@johnson-herring.net,"89300 Amber Centers Apt. 879Victoriaton, VT 98394",Peru,13.81,37.43,630,6,6724,4,624,16-07-2024
david81@hotmail.com,"1576 Lane ShoalRogerton, PR 63867-3426",Thistle,11.66,37.28,748,10,3704,5,738,17-07-2024
jacksonking@mccormick.com,"120 Micheal Fort Apt. 762East Patrickbury, WY 65946",DarkMagenta,13.1,35.91,928,10,8422,4,918,18-07-2024
jessica04@christian-riley.com,"338 Graham Loaf Suite 236East Toddton, FM 43566-4238",LemonChiffon,13.07,36.68,311,5,3504,4,306,19-07-2024
simmonsmartin@hardy.com,"2302 Joshua ParkMillerbury, WA 30239-8144",MediumVioletRed,12.49,36.05,144,10,8120,4,134,20-07-2024
michellejohnson@sanders-rodriguez.com,"70562 Gonzalez StravenueElizabethland, WI 40700-9149",Teal,11.34,37.04,312,9,3005,5,303,21-07-2024
tylerhernandez@barton.info,"7613 Miguel Knoll Suite 762West Katherine, WV 19406",SlateGray,11.2,38.69,113,8,3473,4,105,22-07-2024
connerjoseph@gmail.com,"981 David SquareNew Jacquelinetown, AK 66018-4092",Turquoise,11.33,35.46,226,17,3396,3,209,23-07-2024
jeffrey54@mcdonald-williams.com,"297 Francis ValleySouth Lindsey, NY 13669-5367",Gainsboro,13.92,37.95,665,7,5571,5,658,24-07-2024
hevans@kelly-nunez.org,Unit 4065 Box 2267DPO AE 69180-7372,Orchid,11.03,38.25,506,10,5737,5,496,25-07-2024
lewiskendra@yahoo.com,"988 Matthew PlazaLake Jacobshire, AL 37889",Yellow,11.08,36.78,552,16,5166,5,536,26-07-2024
freemantina@cannon.org,"870 Dennis ThroughwayWilsonport, PW 12658",AntiqueWhite,10.54,35.53,733,17,9947,5,716,27-07-2024
wagnerbrian@hotmail.com,"50593 Wells Roads Apt. 110South Amy, MI 06969-2026",AliceBlue,11.8,37.78,176,20,7392,4,156,28-07-2024
melissa08@nelson.com,"15863 Harrington Glens Suite 012Marystad, LA 50652-8210",Tomato,12.44,38.13,923,12,2608,3,911,29-07-2024
karina59@gmail.com,"9580 Clark Trail Suite 687Williamsside, FM 57367",PapayaWhip,12.1,36.06,975,9,4533,5,966,30-07-2024
baldwinbryan@estrada-silva.biz,"1470 Kathleen PassSouth Christopherberg, SD 22850",MediumSeaGreen,12.38,38.76,321,12,2238,4,309,31-07-2024
audreyguerrero@carey.com,"1995 Susan Locks Suite 760East Cheryl, AR 37103-5176",BlueViolet,13.72,35.77,674,20,9815,4,654,01-08-2024
drew29@hotmail.com,"20888 Erin ViaGrahamville, NH 72913-6101",Tomato,12.73,36.54,571,19,8139,4,552,02-08-2024
michael00@yahoo.com,"03065 Henry Courts Suite 443Derekstad, VT 88473",DarkSlateGray,13.69,34.89,131,6,1509,5,125,03-08-2024
jgray@khan-allen.com,"1416 Rachel CrescentWest Laurieside, IL 81119-7229",Gold,10.01,38.35,964,18,2834,4,946,04-08-2024
bushsusan@hotmail.com,"20618 David SquareGayland, HI 78719-9628",Moccasin,11.44,36.22,574,18,3873,3,556,05-08-2024
charris@gmail.com,"2781 Matthew Wells Apt. 569Potterview, KS 50763-8282",MediumSeaGreen,12.35,37.12,976,15,3618,3,961,06-08-2024
longphillip@yahoo.com,"13044 Woods HeightsAndreamouth, ND 52317-6007",LightGreen,10.75,35.74,564,13,2977,5,551,07-08-2024
madisonalexander@gmail.com,"791 Allen Trafficway Suite 776Christopherland, DC 41460",Orange,11.59,37.74,884,14,9531,5,870,08-08-2024
mfoster@brown-white.com,"36192 Ho SpringNew Michael, RI 65851-6369",Cyan,11.24,37.68,823,16,7689,5,807,09-08-2024
sanchezkara@hotmail.com,"40494 Robert ParkHeatherside, IL 70364",SlateBlue,11.11,38.59,413,14,1998,3,399,10-08-2024
floresbradley@hotmail.com,"446 Daniel Rest Suite 644Port Matthewhaven, MN 89465",BlanchedAlmond,12.11,36.29,481,17,3310,3,464,11-08-2024
lamryan@curtis-garcia.net,"96393 Joshua RapidsJonesview, VA 58733",LavenderBlush,11.87,37.72,710,17,8479,5,693,12-08-2024
alexandra26@summers-davis.com,Unit 7032 Box 7016DPO AE 44749-2992,Navy,10.26,36.14,444,13,5956,5,431,13-08-2024
ocortez@gmail.com,"4800 Ashley Spur Apt. 347Dannyfort, GA 23352",MediumBlue,12.17,37.07,771,6,9899,5,765,14-08-2024
melinda39@morton.info,"13693 Cox Falls Apt. 693Padillaview, PW 28998-0386",Moccasin,13.09,37.61,966,11,9074,4,955,15-08-2024
lisa94@jackson.com,"40288 Stephens Corner Apt. 221West Stephanie, OK 55617-4332",CadetBlue,13.01,36.65,670,14,2517,4,656,16-08-2024
lucastaylor@yahoo.com,"63872 Chavez LodgeDanielton, NJ 85847",MediumTurquoise,10.98,37.95,438,12,7237,3,426,17-08-2024
apark@walsh-obrien.net,"28942 Bradford CrescentNew Morganfurt, MD 77162-0478",DarkGreen,13.11,35.57,232,16,6976,3,216,18-08-2024
dominguezmaria@gmail.com,"1768 Rosales Ford Apt. 793Lake Markbury, SC 31567",RoyalBlue,12.14,37.26,258,9,9236,4,249,19-08-2024
jimmy11@hardin.com,"496 Bush Turnpike Apt. 674Donnabury, OR 32596-0079",DarkGoldenRod,13.91,37.79,306,6,8476,5,300,20-08-2024
patriciajackson@jenkins.info,"981 Matthew Valley Apt. 621Lake Tracyburgh, NM 33288-1364",Thistle,11.4,37.33,377,18,5362,3,359,21-08-2024
rayvanessa@fischer.com,"2583 Mark SpringsLake Robert, AL 40928",White,13.03,37.08,352,10,3590,3,342,22-08-2024
gharrison@davis.com,"04140 Cameron Brooks Apt. 724South Laurenberg, HI 08562",MediumSpringGreen,11.62,35.97,331,20,8940,3,311,23-08-2024
alexandermichael@hotmail.com,"2086 Lisa ViewOrtegabury, MI 43544",WhiteSmoke,12.6,37.37,432,11,8495,3,421,24-08-2024
christopher66@hotmail.com,"388 Kelly PikeWest Jeffery, DE 44039-7785",BurlyWood,13.19,37.07,987,20,6946,5,967,25-08-2024
archeremily@baldwin.com,USCGC HernandezFPO AE 53064,YellowGreen,13.27,36.97,964,5,2930,5,959,26-08-2024
hornesteven@gmail.com,"91425 Roy TrailRivaston, NE 34949-2588",White,11.75,38.57,835,9,3192,3,826,27-08-2024
william28@gmail.com,"16763 Melissa Creek Suite 367North Keithland, PW 29458",Cyan,11.57,36.91,335,16,8429,4,319,28-08-2024
karenosborne@yahoo.com,"81814 Pratt Squares Suite 460North Robert, GU 77741-1307",SlateBlue,12.64,36.1,467,10,7797,4,457,29-08-2024
chansen@holt.com,"2380 Fisher Neck Suite 233Brianland, AZ 34453-0625",LightSkyBlue,11.39,39.08,634,16,9248,4,618,30-08-2024
hallthomas@lane.com,"22630 Bell Centers Suite 030North Danielport, FM 31756",DarkTurquoise,11.82,36.95,746,16,8677,5,730,31-08-2024
taylorkimberly@yahoo.com,"0030 Mathis Square Suite 154South Jadehaven, AR 33997-4450",Gainsboro,12.73,35.97,891,18,2621,4,873,01-09-2024
clester@yahoo.com,"76778 Underwood KnollNew Gregory, ID 57323",LightCyan,11.2,37.69,921,7,5452,3,914,02-09-2024
pvega@hotmail.com,"61629 Johnson UnderpassNew Eric, MI 92352-5044",LightCoral,11.35,36.32,669,9,1360,3,660,03-09-2024
vmartin@yahoo.com,"30242 Rubio ForestPort Kyleland, VA 18339-5779",Turquoise,14.22,37.52,185,11,8105,5,174,04-09-2024
andreperez@hotmail.com,"17463 George PortsEast Julianborough, WY 68291",DarkOliveGreen,11.55,36.95,984,7,7095,4,977,05-09-2024
anntaylor@hotmail.com,"PSC 1634, Box 8167APO AA 49814",Teal,11.92,36.84,243,15,7651,5,228,06-09-2024
hickmanelizabeth@yahoo.com,"12641 Greer Track Apt. 183North Mitchell, IA 77991-6276",DeepPink,12.28,37.19,642,11,9125,5,631,07-09-2024
halljohn@yahoo.com,"311 Savannah Ramp Suite 245Carlsonbury, LA 08453-6035",MediumTurquoise,10.13,34.85,898,14,5231,3,884,08-09-2024
cohensean@yahoo.com,"3751 Green LoafNew Julia, VT 20897",DarkCyan,12.03,36.13,962,11,1842,4,951,09-09-2024
jmartinez@anderson.org,"14889 Page PrairieDennisville, NV 27982-4210",PeachPuff,13.17,36.2,332,14,6241,4,318,10-09-2024
cbrady@gonzalez-miller.com,"193 Ashley Plaza Suite 706Hernandezport, WV 71270-7338",Aqua,12.33,36.67,261,16,9186,4,245,11-09-2024
pkline@hotmail.com,"PSC 6338, Box 7637APO AA 22066",MediumTurquoise,13.89,39.22,864,11,8618,3,853,12-09-2024
martha91@garrison.net,"360 Albert SpringSouth Tylerbury, VA 92641-9077",HotPink,12.93,36.36,113,9,3406,4,104,13-09-2024
maureenlopez@gmail.com,"82537 Alice CentersGregland, OR 71749",SeaShell,11.38,36.64,237,6,4708,3,231,14-09-2024
russellbaldwin@ferrell.info,"295 Michael Keys Apt. 706Ericfurt, KS 09476",Orange,14.07,38.99,639,10,1484,5,629,15-09-2024
amandastanley@yahoo.com,"38528 Jerry Valleys Suite 027Jonesstad, NY 74787-2691",CadetBlue,10.8,37.37,121,12,8381,4,109,16-09-2024
george02@hotmail.com,"3286 Lynch FieldHenrychester, RI 41833-7902",LightCoral,14.43,37.37,694,13,4191,5,681,17-09-2024
swilliams@ball-arroyo.com,"450 Samantha ValleysCollinsborough, KS 37205-9891",Orchid,13.04,36.66,737,13,7408,4,724,18-09-2024
taylorjared@foster.net,"601 Mitchell Estates Suite 922Port Daniel, WV 83595",Crimson,11.74,36.85,197,10,9476,3,187,19-09-2024
keith13@yahoo.com,"81830 Katie SquaresPort Austinland, FL 73522-0761",LightGoldenRodYellow,12.49,38.24,255,12,8106,4,243,20-09-2024
schmidtdenise@hotmail.com,"06392 Matthew Viaduct Suite 000Lake Ronald, NY 45787-0181",DarkGoldenRod,12.89,36.53,759,8,7770,3,751,21-09-2024
jasmin20@salas.com,"634 Nancy Shoals Suite 241South Barry, AR 52307",HotPink,11.67,37.34,694,20,5367,5,674,22-09-2024
christophermorrison@mcguire-carter.biz,"90089 Eric WellNicoleside, MT 95918",Blue,11.78,37.98,975,9,8417,3,966,23-09-2024
deborah51@yahoo.com,"4190 Shelton HarborsNorth Christopher, RI 60962",Violet,12.14,36.85,693,15,2769,3,678,24-09-2024
melindahartman@gmail.com,"3761 Jared MountainNicholasport, WY 51181",Pink,12.22,36.82,172,6,6775,5,166,25-09-2024
sharper@yahoo.com,"239 Bush Fall Apt. 906Riveraville, KY 88906-3319",SandyBrown,13.4,37.29,147,18,2240,4,129,26-09-2024
jessicabrewer@simmons.net,"5052 Mccoy Passage Apt. 328Teresaport, FM 97139",LightBlue,12.96,38.66,494,16,2269,5,478,27-09-2024
beckycarson@jones-brown.biz,"78787 Mitchell LightsMatthewville, AZ 30310-0130",Gold,12.88,36.23,528,15,6041,4,513,28-09-2024
jennifer24@hotmail.com,"46954 Melissa CornerNorth Amanda, LA 34844",SteelBlue,13.33,36.77,609,17,3362,4,592,29-09-2024
jeremy00@yahoo.com,"45442 Barber Key Apt. 882South Jaclyn, NM 24367-3001",FloralWhite,12.16,36.58,442,9,6821,3,433,30-09-2024
wellsjuan@schroeder.com,"0338 Francis JunctionLake Alexstad, NH 14302",Green,11.23,35.67,737,9,9173,4,728,01-10-2024
gregorystewart@hotmail.com,"232 John Haven Suite 456Johnsonhaven, VT 90106-0173",PaleGoldenRod,12.46,37.75,751,12,6331,5,739,02-10-2024
tammyjones@griffin.com,"0859 Audrey IsleSouth Zachary, AS 09138",Navy,9.85,36.88,600,20,7766,3,580,03-10-2024
djohnson@hotmail.com,"5358 Stephen Parkway Suite 894Kimview, MN 17436-4528",Coral,13.33,36.9,747,12,4752,5,735,04-10-2024
kenneth27@smith.com,"721 Robert Viaduct Apt. 052Lake Olivia, MO 93807",DarkGreen,13.68,37.74,515,18,2973,3,497,05-10-2024
johnathan33@yahoo.com,"836 Amy VillagesHannahside, RI 09207-2616",LightSteelBlue,11.64,37.03,262,5,1948,5,257,06-10-2024
carrillojacob@perry-larsen.com,"909 Hicks MountainsGabriellaport, MD 33121",Aquamarine,13.49,37.55,721,5,2708,4,716,07-10-2024
greenelizabeth@edwards.com,"54051 Jenkins ViewEast Danielshire, IN 32905-7784",DarkViolet,11.62,38.42,551,19,7866,3,532,08-10-2024
denisemorrow@johnson-james.net,"24458 Hudson SquareHallside, PA 68038",MediumSpringGreen,13.01,37.79,461,12,1391,4,449,09-10-2024
wandaphillips@leonard.com,"149 Monica Vista Apt. 908Jasonberg, TX 19632-8886",OliveDrab,11.47,35.68,816,5,6775,5,811,10-10-2024
zachary94@gmail.com,"99902 Scott RoadJoyton, MT 46760-7400",Purple,11.68,38.72,212,8,9031,3,204,11-10-2024
ppowell@gmail.com,"74260 Carly Mews Suite 703Jonesberg, OR 39594",BlueViolet,12.09,36.62,171,19,9287,5,152,12-10-2024
bhill@pierce-kane.info,"3324 Branch Squares Suite 221Riddleton, OK 34594",RoyalBlue,14.33,35.72,512,15,3205,5,497,13-10-2024
matthewgraves@mills-shaffer.com,"66636 Jason ParkwayKellyside, NV 67033",DarkSeaGreen,12.91,39.07,707,5,9969,4,702,14-10-2024
nwagner@yahoo.com,Unit 2079 Box 7792DPO AP 47668,AntiqueWhite,9.82,35.74,452,12,3602,5,440,15-10-2024
jamesfaulkner@hoffman-wolfe.org,Unit 0474 Box 0661DPO AP 48938-3469,Blue,12.81,38.55,987,11,5712,3,976,16-10-2024
phillipscarrie@gmail.com,"625 Andrew LocksMadisonside, AZ 74068",FloralWhite,13.06,37.26,536,18,9161,4,518,17-10-2024
samantha84@cortez.com,"960 Miller UnionEast Virginiastad, MS 74191-2346",Navy,10.53,37.03,695,19,8495,4,676,18-10-2024
edward29@knapp.com,"4029 Gerald CapeSouth Laurenborough, SC 19130-5133",DarkOrange,11.14,35.95,439,6,8240,3,433,19-10-2024
hannahgilbert@gmail.com,"6961 Mary Stravenue Suite 857Hilltown, TX 52813-7703",Aqua,10.98,34.81,336,9,2100,4,327,20-10-2024
lschroeder@gmail.com,"93101 Shannon CommonSouth Destiny, ND 30379-2855",Ivory,11.15,37.24,229,20,3156,3,209,21-10-2024
thomaswendy@yahoo.com,"449 Amanda TunnelJoshuahaven, CO 15377",LavenderBlush,11.95,36.19,154,5,5981,4,149,22-10-2024
fuenteskathryn@schmidt-johnson.org,"839 Heather CliffSouth Blake, SC 90412",Cyan,11.47,37.06,165,17,4643,5,148,23-10-2024
melissa08@rowe.net,"13799 Cortez Inlet Suite 733East Stevenshire, AL 32757",Tan,11.04,38.62,726,17,9006,4,709,24-10-2024
bradleysmith@barber.com,"581 Gilmore PortHeatherville, MS 20879",PaleVioletRed,11.17,35.63,946,19,1605,5,927,25-10-2024
morganorozco@hotmail.com,"0001 Mack MillNorth Jennifer, NE 42021-5936",LightPink,11.56,35.98,836,13,1893,5,823,26-10-2024
johnsonhannah@gmail.com,"634 Robert Hill Apt. 800Coxtown, OK 32430",Thistle,12.23,36.99,160,6,2638,5,154,27-10-2024
javier02@landry.net,Unit 7029 Box 3429DPO AE 56975,CadetBlue,13.19,38.07,902,8,5842,3,894,28-10-2024
lmalone@gmail.com,USS BeasleyFPO AP 50556-7615,AntiqueWhite,13.39,37.81,962,17,7428,3,945,29-10-2024
brandon77@richardson.com,"109 Jessica ManorNorth Patriciashire, PR 84726",GhostWhite,11.85,36.93,787,11,2411,3,776,30-10-2024
bhamilton@shaw.biz,"036 Mary Drive Apt. 581Port Brandytown, FL 66143",DarkOrchid,12.27,36.58,423,14,5408,4,409,31-10-2024
randyrobinson@hotmail.com,"14548 Hayes Isle Apt. 436Garciaville, IN 65366",DarkGray,13.46,36.34,401,13,8755,3,388,01-11-2024
ecruz@yahoo.com,"08111 Barry HighwayBentonberg, GU 13706",Gainsboro,11.79,36.26,183,17,9645,3,166,02-11-2024
wrightdanielle@gmail.com,"508 May HighwayPort Jacobview, MN 31932",DarkSalmon,10.99,37.37,378,8,1776,4,370,03-11-2024
deandanny@yahoo.com,"9781 Lopez Spurs Apt. 300Fitzgeraldborough, MA 89035-4317",Ivory,12.64,36.52,454,15,2080,5,439,04-11-2024
dblair@gmail.com,"190 Kelley BurgWest Juliaport, IA 35826-8163",MediumSlateBlue,8.51,35.46,410,8,6684,5,402,05-11-2024
veronicapruitt@hotmail.com,Unit 7502 Box 8345DPO AE 53747,Cyan,11.66,36.55,982,11,3668,5,971,06-11-2024
davischristina@hotmail.com,"49352 Avila Terrace Suite 624Amandaland, GA 99736",SeaGreen,11.97,36.55,994,14,8759,5,980,07-11-2024
douglasdunlap@boone-rose.com,"093 Larson PortsWest Kathryn, OK 91243",Purple,11.8,36.32,784,5,3799,5,779,08-11-2024
david28@wallace-hill.org,"43382 Heather MeadowsNew Lisaburgh, WI 19151-0302",LightBlue,12.68,35.62,493,20,6748,4,473,09-11-2024
williammoore@rose.com,"686 Baker Fords Suite 893East John, IL 50171-9547",Brown,13.03,37.87,568,9,8227,3,559,10-11-2024
angela25@walker.com,"456 Eric ViewsNorth Amanda, MS 98876-3102",Chocolate,12.45,37.53,863,11,8283,4,852,11-11-2024
arice@reynolds.info,"740 Marshall SquaresDavidbury, AL 94251-0846",Thistle,12.24,37.28,961,16,2330,5,945,12-11-2024
adam75@gmail.com,"9991 Macdonald SquaresVasquezborough, WY 73586-4597",Purple,10.97,36.61,516,12,3226,5,504,13-11-2024
charlesgutierrez@hotmail.com,"363 Kathleen UnderpassAshleyside, PR 98964",MistyRose,13.67,36.9,681,18,3107,4,663,14-11-2024
codyandrews@hotmail.com,"63010 Reyes Creek Apt. 569West Catherinetown, MN 67491-6816",Indigo,13.39,37.19,728,20,1910,5,708,15-11-2024
wheelernancy@hernandez.com,"66340 Michael Lane Suite 878West Brian, LA 69137-1147",Gold,12.97,38.3,107,9,6363,3,98,16-11-2024
drew27@ryan-thompson.com,"4475 Lopez Stravenue Apt. 690Smithchester, NV 84347",PeachPuff,12.97,37.33,623,17,1490,5,606,17-11-2024
suzanne63@gmail.com,"229 Eric MountainsNew Caleb, PA 00396",LightSalmon,10.73,36.15,847,12,6280,3,835,18-11-2024
mitchellscott@gmail.com,"3976 Tom Streets Suite 438Port Davidtown, AL 55334-2369",DarkOrange,10.95,37.65,254,8,6096,3,246,19-11-2024
laurajimenez@gmail.com,"06103 Erik Fields Suite 781Jonesmouth, GA 49931-3078",SlateBlue,12.61,37.23,425,11,8688,4,414,20-11-2024
rogersheather@hamilton-jensen.org,"510 Michele PortEast Angela, HI 23618",MintCream,13.04,36.31,841,7,9554,4,834,21-11-2024
ievans@hotmail.com,"2064 Poole GrovesNorth Chrisland, SC 78169",NavajoWhite,11,38.44,110,15,5666,5,95,22-11-2024
john85@rodriguez.info,"57120 Frank KeysJerryborough, DC 81028-0939",Tomato,13.28,37.39,995,10,4418,5,985,23-11-2024
phillipsmark@byrd.net,"6734 Perez Trafficway Suite 395Nunezland, NC 83245",DarkSeaGreen,10.63,38.04,610,20,6007,4,590,24-11-2024
elizabeth61@berg-braun.com,"649 King ExtensionNorth April, NY 54175",Lavender,13.19,35.92,951,5,4931,3,946,25-11-2024
dbenson@simpson.net,"732 Heather PlaceNorth Michael, VT 92527",DodgerBlue,11.35,37.09,498,11,8538,4,487,26-11-2024
stephaniehill@hotmail.com,"8248 Parker Overpass Apt. 024Lake Pamela, WY 44322-1735",Wheat,12.95,37.11,923,5,2559,3,918,27-11-2024
davisbriana@gmail.com,"15298 Erickson Shore Apt. 056South Patrickfort, MD 16503-3145",MediumVioletRed,11.74,37.94,902,19,3778,3,883,28-11-2024
kday@gmail.com,"4835 Jessica Walk Suite 205West Jacob, NH 93681",Magenta,11.89,35.86,897,17,2580,5,880,29-11-2024
jonathanconner@morales.biz,"920 Anderson ExtensionsGreenfurt, GA 19316-3498",SeaShell,10.76,36.6,523,20,5547,3,503,30-11-2024
anneingram@miller-alexander.com,"4301 Park Lake Apt. 158Spencertown, SD 45934",HoneyDew,11.61,39.25,573,16,5515,5,557,01-12-2024
jeffery48@mcguire.com,"52326 Townsend CentersLake Williamburgh, NJ 70568-7463",LightCyan,11.98,38.27,702,8,5343,3,694,02-12-2024
theresamitchell@martin-chambers.biz,"157 Linda RoadsNew Jimmyshire, MH 51942",Khaki,12.46,37.43,608,15,8620,4,593,03-12-2024
christianwade@butler.info,"3687 Sarah Ranch Suite 919Gainesfort, AK 05665",Crimson,10.08,38.07,266,13,1293,3,253,04-12-2024
tina16@santiago.com,"314 Kidd RunJohnfort, KS 46546-2732",White,12.59,37.33,869,9,2383,5,860,05-12-2024
vancealicia@hotmail.com,"06307 Scott Spurs Suite 161Jessicaburgh, NH 26093-5908",RoyalBlue,14.29,36.77,167,16,3375,4,151,06-12-2024
dbell@hotmail.com,"3485 Anthony Street Apt. 119Mikeberg, FL 32602",DarkViolet,11.92,37.77,808,15,2500,5,793,07-12-2024
pamelahampton@martin-cobb.com,"91542 Jessica Springs Suite 255Thomashaven, MT 39239-3790",DarkSeaGreen,11.41,35.78,939,13,7548,3,926,08-12-2024
mark81@wagner.com,"410 Gonzalez Corners Apt. 187East Stephenport, VT 22771",Navy,12.82,37.96,892,8,6420,3,884,09-12-2024
awerner@manning.com,"407 Blake WaysPort Davidland, WA 78438",Gray,11.67,37.84,186,17,5227,4,169,10-12-2024
robertramirez@kaiser.com,"1583 Anderson CovesEast Rebecca, NH 27212",Purple,10.61,37.98,461,13,9841,5,448,11-12-2024
justin26@gmail.com,"32303 Baldwin CausewaySouth Robertside, HI 58126",RosyBrown,12.51,35.82,222,16,8403,5,206,12-12-2024
douglas95@yahoo.com,"395 Summers Courts Apt. 413Coopermouth, IA 21205-1079",White,11.3,37.83,451,6,9076,3,445,13-12-2024
qmorse@yahoo.com,"0360 Pearson Dam Suite 263Lake Shawn, UT 65986-4190",MediumTurquoise,10.89,34.9,459,16,4315,5,443,14-12-2024
jason50@bates.net,"74839 Michael Plains Suite 356South Austinshire, ND 40309-1424",Bisque,12.1,36.38,246,14,6885,3,232,15-12-2024
qeaton@savage.com,"27032 Michelle ForestMorrowtown, ND 14749",SaddleBrown,12.69,37.33,132,6,7076,4,126,16-12-2024
tluna@hotmail.com,"01512 Hendricks RueEast Pamela, PR 46481",YellowGreen,11.39,38.2,599,10,3384,3,589,17-12-2024
kara33@gmail.com,"5527 Hogan RoadSouth Jeffreychester, MA 28632",LavenderBlush,10.73,36.88,550,16,6042,3,534,18-12-2024
thomas22@yahoo.com,"7346 Jennifer Green Suite 148Wagnertown, MT 65972",IndianRed,11.94,35.9,628,19,7542,4,609,19-12-2024
david47@hotmail.com,"37216 Krista DrivesWest Andrew, DE 70036",DarkKhaki,12.72,35.13,169,12,3881,4,157,20-12-2024
beasleyjoseph@hotmail.com,"1094 Bentley ForgesLake Antonio, MA 29181-3664",SaddleBrown,10.97,35.97,868,20,6869,5,848,21-12-2024
hoffmandaniel@yahoo.com,"922 Hampton Path Suite 198Port Jasonmouth, FL 46623",Orchid,13.42,37.76,194,11,4321,3,183,22-12-2024
garnerjustin@king.com,"0833 Brian Canyon Suite 566Anthonymouth, VT 01329-7541",DarkCyan,11.85,37.49,786,19,7100,5,767,23-12-2024
francesjohnson@lee.com,"577 Peters TurnpikeLoriport, MA 60572-1669",Aquamarine,11.92,35.72,115,16,3805,5,99,24-12-2024
awu@robinson.org,"0281 Dale Wells Suite 656East Joshua, ME 73389",Brown,13.15,37.65,480,16,8250,5,464,25-12-2024
xevans@hotmail.com,"13164 Miller CampSouth Deannaberg, ID 85433",DarkMagenta,12.69,36.05,611,7,5958,3,604,26-12-2024
lauriewilson@jackson.com,"389 Joshua Stravenue Apt. 983Martinezland, MN 29049",Cornsilk,10.35,39.05,835,14,7264,3,821,27-12-2024
cruiz@yahoo.com,"497 Julian Brook Suite 872Hillberg, FM 87927-5760",LightSalmon,9.32,36.91,814,19,3267,3,795,28-12-2024
tammy12@gmail.com,"78297 Brown Street Apt. 786East Taylorfurt, AK 97246",Chocolate,12.58,35.44,767,17,2976,5,750,29-12-2024
adamperkins@terrell.com,"2595 James Creek Apt. 571Millerberg, HI 82236",PaleVioletRed,11.76,37.92,296,12,1371,3,284,30-12-2024
willie26@johnson-howard.com,"97686 Robertson Cape Suite 607Port Veronicaside, NE 47293",Wheat,12.64,38,319,5,4332,3,314,31-12-2024
yvaughn@meyer.com,"9863 Dawn Court Suite 429Lake Connie, MI 12238",OldLace,11.83,36.84,646,10,4235,3,636,01-01-2025
carolfarley@gmail.com,"51173 Curtis Cliff Apt. 727Ramoston, DE 32714-4579",SlateBlue,10.44,35.94,266,14,2181,4,252,02-01-2025
rhonda01@gmail.com,"939 Watson RunStaceyberg, VT 58376-0454",Orchid,12.73,36.23,290,5,5235,4,285,03-01-2025
david80@knight.com,"368 Morris Ports Apt. 735New Lisaville, GA 34271-8632",MediumAquaMarine,9.48,37.91,425,16,9004,4,409,04-01-2025
aaron04@yahoo.com,"16338 Scott Corner Suite 727West Alexandra, AR 54429",SeaGreen,10.16,37.76,535,17,2961,3,518,05-01-2025
kaylahenderson@hotmail.com,Unit 1609 Box 3480DPO AA 95185,MediumSpringGreen,11.61,38.11,193,19,3788,3,174,06-01-2025
mholt@hotmail.com,"486 Adams HillsNorth Walter, MS 18124",LightSeaGreen,11.27,36.96,406,11,4462,5,395,07-01-2025
tanya20@gmail.com,"69279 Stewart MountainsSouth Pamela, KS 22541-3414",DarkKhaki,11.16,37.09,693,16,4094,5,677,08-01-2025
aaron89@gmail.com,"0128 Sampson Loop Suite 943Hoffmanton, MO 02122",SaddleBrown,10.1,38.04,463,14,3795,4,449,09-01-2025
hunterlucas@gmail.com,"89301 Kylie CrossroadPetersonberg, MH 23834",Turquoise,12.76,36.91,912,13,6434,3,899,10-01-2025
sfarley@jones.com,"0554 Powers CurveNathanchester, FL 06878-6336",AntiqueWhite,12.06,37.69,939,12,3916,5,927,11-01-2025
sarahtran@dixon.com,"770 Katie Walk Apt. 585Port David, MN 52850",GoldenRod,11.94,35.78,597,11,5172,4,586,12-01-2025
randywhite@armstrong.biz,"0506 Pitts ForksWoodsbury, AL 98082-8186",Teal,12.45,36.67,739,14,5818,3,725,13-01-2025
tsmith@yahoo.com,"92028 Thomas Mountains Suite 044New Matthew, MI 02429-0994",Bisque,12.28,38.3,711,13,7828,3,698,14-01-2025
martinezleah@carter.com,"8456 Joseph Locks Suite 926Christopherport, TN 57784",PaleGreen,12.78,35.55,620,8,8791,4,612,15-01-2025
steven00@combs.com,"64460 Morris FordsGonzalesmouth, MI 40832",RosyBrown,12.96,37.95,754,14,3163,3,740,16-01-2025
blakekent@smith-pena.com,"3933 Brooke PointJohnsonburgh, DE 22659-3488",Crimson,9.95,37.35,772,14,3071,3,758,17-01-2025
amanda03@yahoo.com,"313 Lisa Loop Apt. 543North Jenniferchester, MN 58819",Brown,13.13,35.43,964,11,4993,4,953,18-01-2025
brandonsmith@yahoo.com,"62106 Nathan Mountain Suite 505North Matthewborough, AZ 32092-6122",Gold,11.52,36.19,881,6,1564,3,875,19-01-2025
thardy@perry.com,"39209 Cooper Neck Apt. 541Tylermouth, ME 94450",SeaGreen,10.97,34.57,646,7,1390,3,639,20-01-2025
michael86@yahoo.com,"87270 Garrett Cliffs Suite 361Brooksberg, MO 26555-2502",LightYellow,13.53,38.95,370,19,6893,4,351,21-01-2025
ulee@wells.com,"309 Singleton HollowMatthewhaven, NJ 68776-7477",LemonChiffon,12.04,34.49,527,9,6919,3,518,22-01-2025
judithsmith@jimenez.biz,"186 Anthony RouteGordonview, AS 78120-4633",DarkOrange,10.94,36.17,457,12,5648,5,445,23-01-2025
nblack@smith-romero.biz,"00615 Tracy IslandsNew Marcfort, MO 87297-7431",LightCyan,12.66,37.03,159,17,7555,4,142,24-01-2025
michaelcampbell@yahoo.com,"96480 White Lane Suite 521Pattersonhaven, OR 39409-4561",Gray,11.73,36.88,361,10,2908,5,351,25-01-2025
rcarter@crane-thompson.org,"14064 Frazier Hills Apt. 176Amyborough, MP 77858-0018",MediumVioletRed,11.92,37.32,623,6,5437,4,617,26-01-2025
dwhite@gmail.com,"02136 White Grove Suite 418Marytown, DE 70033",OrangeRed,11.51,37.13,994,6,9667,3,988,27-01-2025
vancemichelle@gmail.com,"6586 Reginald Crest Apt. 061North Josephfort, NM 55275",DeepPink,12.42,36.16,247,12,9299,3,235,28-01-2025
kylemelendez@hotmail.com,"2749 Cunningham Flat Apt. 838Derekberg, OH 45288",DeepPink,13.89,38.38,358,19,8118,4,339,29-01-2025
richard35@hale-duncan.net,"33940 Craig Throughway Apt. 334Martinview, IL 62015-0314",GhostWhite,12.85,37.87,473,17,1727,3,456,30-01-2025
waltonkaren@gmail.com,"355 Villegas Isle Apt. 070West Jenniferview, NM 26775-4339",Green,10.89,35.57,135,11,8446,4,124,31-01-2025
contrerastiffany@gmail.com,"439 Todd Summit Apt. 478Mooreland, AR 31655",CadetBlue,12.91,36.05,941,9,9274,4,932,01-02-2025
rogerstiffany@wilson-horne.com,"30700 Justin PortsPort David, PA 52171-5921",DarkOliveGreen,11.57,38.92,553,12,4102,3,541,02-02-2025
waltercharles@sanders.net,"291 Stephen Glens Apt. 532Jacquelineton, NJ 53606-5656",IndianRed,11.97,37.2,150,16,8878,5,134,03-02-2025
john96@chan-anderson.biz,"04290 Barron SquareLaurenmouth, AS 79917-9544",Snow,13.08,37.33,938,9,6243,3,929,04-02-2025
bushsharon@barber.com,"0013 Andre FieldWhitebury, AZ 68447-6306",DarkSeaGreen,11.96,36.52,589,13,3529,5,576,05-02-2025
nicolegay@jennings.com,"50718 Timothy LightGarciaport, SC 60266-6696",BlueViolet,13.25,37.31,797,6,1366,5,791,06-02-2025
rchambers@hotmail.com,"53964 Weaver Brook Suite 861Stevensonshire, NY 18128",OliveDrab,13.09,38.32,695,5,5494,3,690,07-02-2025
gomezalicia@hotmail.com,"506 Allison Cove Apt. 766Weeksstad, AS 71308",MediumSpringGreen,12.53,36.69,715,6,7831,4,709,08-02-2025
potterkenneth@strickland.com,"2559 Harris Pines Apt. 514Michaelshire, ME 21753-8834",MediumSlateBlue,11.24,37.05,553,20,5978,4,533,09-02-2025
charlesjackson@brady-fuller.net,"3802 Veronica CausewayEast Patrickfurt, DC 84522",GhostWhite,12.07,35.57,226,11,5060,3,215,10-02-2025
jacquelinewest@pace-herrera.com,"592 Villanueva VillageWoodsstad, AK 20530",Purple,12.05,38.51,764,16,3361,5,748,11-02-2025
stevenjohnson@yahoo.com,"PSC 4427, Box 6116APO AP 87584-5187",SandyBrown,11.23,37,698,19,9927,3,679,12-02-2025
johnsonchelsea@gmail.com,"19270 Velasquez CovesBoylechester, AZ 51480",LightCyan,11.91,35.19,343,7,4829,4,336,13-02-2025
jenniferjenkins@jones.com,USNS JacobsFPO AE 71507-1312,LightSalmon,13.05,38.78,853,16,7942,5,837,14-02-2025
ebutler@rogers-gonzalez.com,"001 Estrada UnionLewismouth, TN 47360",Chartreuse,13,36.99,367,6,6906,5,361,15-02-2025
ellenlucas@cox.org,"86268 Davis CornerNorth Danielview, CT 59551-9382",DarkGoldenRod,11.52,35.94,208,11,1169,3,197,16-02-2025
elizabethnunez@vasquez-nelson.net,"209 Andrew ViaductPort Anna, OR 01627-8037",Cornsilk,10.31,36.73,128,19,8911,5,109,17-02-2025
ramirezjacob@turner.com,"19704 Kaitlin FlatWest Andrewtown, VI 38642",Magenta,12.43,37.63,935,18,8483,5,917,18-02-2025
brian51@cook.info,"0508 Terrance CliffRebekahtown, NC 48724-8308",SaddleBrown,10.75,38.79,293,7,1668,3,286,19-02-2025
victoriajohnson@gmail.com,"2082 Christopher Place Apt. 081Cynthiahaven, HI 99393-8910",DarkViolet,11.02,37.64,720,5,2505,3,715,20-02-2025
lawrencewalton@hotmail.com,"584 Patterson FallsWest Alicia, DE 45751",Chocolate,12.22,36.95,661,17,5283,5,644,21-02-2025
ashleymoreno@gmail.com,"11430 Meza Green Suite 037Martinezborough, FL 40624-8726",DarkViolet,12.33,37.07,241,20,5360,3,221,22-02-2025
wesleyvance@moore.com,"210 Johnson Street Suite 717New Bethanyborough, MO 84817",Magenta,10.81,36.01,783,8,2435,5,775,23-02-2025
edwardbrown@yahoo.com,"2971 Angela IslandLake Timothychester, NE 48734-6685",HotPink,12.14,37.14,294,17,7483,3,277,24-02-2025
youngellen@hotmail.com,"994 Joel Highway Suite 216New Jessicafort, UT 14179",DodgerBlue,12.94,36.73,735,6,8400,3,729,25-02-2025
robin80@yahoo.com,"928 Bailey RoadEast Mary, DE 11678-5634",Turquoise,13.3,36.39,513,5,2822,5,508,26-02-2025
dana59@hotmail.com,"31927 Jill MountainSouth Jessica, MN 63418",Blue,10.4,36.68,193,15,6609,4,178,27-02-2025
bwilliams@hotmail.com,"1549 Walker Passage Apt. 463West Calvin, AZ 03144",PaleVioletRed,11.89,37.86,733,10,5111,3,723,28-02-2025
whitetyler@anderson-avery.com,"4547 Stafford Throughway Apt. 178North Patrick, MD 60768-4837",MidnightBlue,11.59,36.46,688,18,1030,5,670,01-03-2025
rwilliams@trujillo.biz,"54560 Thompson Creek Apt. 029New Brianville, FL 84430-8588",BlanchedAlmond,13.27,37.24,374,14,7208,3,360,02-03-2025
randall85@williams.com,"5086 Morales Islands Apt. 099New Patricia, IL 78823",Black,12.99,39.67,678,20,3038,5,658,03-03-2025
kevin45@mathews.net,"02393 Baker FallsNew Georgeport, ND 36338-5110",DodgerBlue,14.04,37.02,546,8,5523,4,538,04-03-2025
deborah48@white.com,"1693 Gary Mission Suite 479Lake Kelly, MO 68205",DarkGreen,11.91,38.42,963,5,8171,3,958,05-03-2025
hoganrichard@george.com,"4929 Michelle GroveLake Alexis, MT 92147-1660",BlanchedAlmond,11.14,38.4,210,6,7942,5,204,06-03-2025
kelly24@lewis.info,"983 Ross GlenWest Jessica, NJ 42860-5757",Bisque,12.9,36.61,642,5,3909,3,637,07-03-2025
katherinegray@yahoo.com,"685 Sexton Ranch Suite 125Lake Robertshire, NE 04469-3024",Cyan,12.39,35.63,532,6,7886,3,526,08-03-2025
efoster@williamson-boyd.org,"4968 Bennett ManorsRogerschester, IL 81579-8333",Lavender,11.82,36.31,605,7,2946,3,598,09-03-2025
jordandavid@gmail.com,"61502 Parker Vista Apt. 363Jonesshire, GU 33532",Violet,10.99,36.35,401,5,3621,3,396,10-03-2025
sanchezamber@scott-patterson.com,"257 Hunt ManorsSouth Charlottefort, CT 15033",Fuchsia,14.13,37.02,510,9,4945,3,501,11-03-2025
tinayoung@hotmail.com,"83995 Owens Course Apt. 747South Jennifer, NJ 29942",MistyRose,11.91,36.09,302,13,8395,5,289,12-03-2025
alicia28@fuller.com,"8055 Robinson Brooks Apt. 657Walterview, KY 83019",CadetBlue,11.48,39.24,794,7,8652,3,787,13-03-2025
rileyalejandro@gmail.com,Unit 1475 Box 4215DPO AE 39546-5591,LightSteelBlue,10.05,37.18,161,19,8886,5,142,14-03-2025
oliviamarshall@sawyer-sellers.com,Unit 5934 Box 9748DPO AA 37361-3043,Brown,12.43,37.31,850,11,5681,3,839,15-03-2025
hortonrobert@hotmail.com,"31309 Stacey Keys Apt. 979South Jason, KS 35357",Salmon,11.97,36.83,647,8,5029,4,639,16-03-2025
montgomerycheyenne@hotmail.com,"1812 Sandra Shoal Apt. 350Amandamouth, SC 87794-1628",FireBrick,11.12,36.98,276,18,4819,3,258,17-03-2025
martinkristi@sanchez-coleman.com,"PSC 1893, Box 7023APO AA 73445",Lime,8.67,35.91,959,14,6114,4,945,18-03-2025
jefferycampbell@gmail.com,"381 Ashley Locks Suite 366North Migueltown, TX 09795-0494",GreenYellow,12.5,37.65,229,8,7991,3,221,19-03-2025
webertom@phelps.com,"189 Crawford Hill Apt. 746New Madison, WV 14108-4333",DarkOrchid,12.13,35.46,797,8,7608,5,789,20-03-2025
aschmidt@johnson.biz,Unit 1743 Box 8085DPO AE 47693-8164,Blue,11.73,35.63,809,9,7345,3,800,21-03-2025
lisadelgado@gmail.com,"57993 Jennifer Unions Suite 685Emilyville, OK 53366-2375",Olive,11.95,36.49,950,9,8197,3,941,22-03-2025
sharongraves@yahoo.com,"73098 Ronald PortCliffordborough, MO 37479-9244",Wheat,12.56,37.81,102,17,8942,3,85,23-03-2025
flevine@gmail.com,"5292 Melanie Crescent Apt. 064Fischerborough, NV 85721-5045",AliceBlue,12.48,37.68,896,19,6179,4,877,24-03-2025
rskinner@johnson-jefferson.com,"24725 Neal LockCynthiaville, NY 51578",OliveDrab,12.59,37.68,183,20,8791,5,163,25-03-2025
kiarakim@harris.org,"1502 Gonzalez ThroughwayKathrynchester, FM 86014-7194",Linen,10.95,37.65,498,15,1308,4,483,26-03-2025
rachelrodriguez@lara-waters.com,"35466 Tommy StreamPort Daniellemouth, KS 68863-6330",LightSlateGray,11.48,36.84,991,15,4982,4,976,27-03-2025
dbrown@gmail.com,"76666 Kathy LocksPort Susan, ME 64335",Indigo,11.12,36.81,963,8,4424,3,955,28-03-2025
mary45@gmail.com,"33213 Tanner Knolls Apt. 519Whiteborough, OR 37119-7790",Lime,10.97,37.72,751,9,3620,5,742,29-03-2025
marcusleach@floyd.org,Unit 3998 Box 4348DPO AA 37629,SteelBlue,11.59,36.32,361,14,2403,5,347,30-03-2025
lmunoz@yahoo.com,"2100 Austin Camp Apt. 943Anthonymouth, WV 24243-3781",Olive,10.71,35.77,719,11,7118,4,708,31-03-2025
dvasquez@wiley.com,"967 Chloe Springs Suite 554Lake Ashley, GA 03230",HoneyDew,11.08,34.78,705,9,5316,4,696,01-04-2025
dylanmartin@hotmail.com,"42644 Helen Keys Apt. 103Jessicahaven, KS 89406-1960",MidnightBlue,12.95,37.03,348,20,4908,3,328,02-04-2025
xkaufman@gmail.com,"02342 Melissa IslandsSmithhaven, KS 68335",DarkViolet,10.57,36.86,811,14,5414,5,797,03-04-2025
jasonhensley@yahoo.com,"97262 Brian SkywayLake Marissa, GU 96859",Sienna,11.66,37.43,487,18,3148,3,469,04-04-2025
gstrong@hotmail.com,"7875 Landry Road Apt. 947Brownshire, NC 10074-7735",Pink,13.59,36.84,415,20,5354,5,395,05-04-2025
arnoldsamuel@wilson.com,"949 Tapia ViaductMartinezfurt, CT 79271-8205",LightSkyBlue,11.37,35.26,785,12,4520,4,773,06-04-2025
scottrose@yahoo.com,"50639 Sarah Isle Apt. 268Yangmouth, MO 05540",SaddleBrown,11.23,37.21,422,15,2991,4,407,07-04-2025
salazarkaren@hotmail.com,"51173 Burton Wall Apt. 417Prestonville, NY 37002",SteelBlue,10.29,36.93,417,18,3714,3,399,08-04-2025
susanibarra@yahoo.com,"426 Scott Radial Apt. 065Abigailstad, MS 16590-2222",Thistle,14.12,38.41,445,5,6139,3,440,09-04-2025
nhenry@hotmail.com,"3874 Harper PlazaNorth Nancy, ME 96802-9462",BlanchedAlmond,12.42,37.67,785,14,9534,5,771,10-04-2025
millerrachel@gallagher-nichols.com,Unit 4742 Box 9517DPO AE 67219-3123,Turquoise,10.77,34.65,378,20,2105,3,358,11-04-2025
garciakevin@gmail.com,"845 Colleen WaysLake Matthewview, VT 65340-3159",Orange,12.66,36.37,874,14,3422,4,860,12-04-2025
philliproberson@yahoo.com,Unit 0373 Box 8981DPO AA 89902,Beige,12.67,37.49,479,18,1530,5,461,13-04-2025
kstafford@estes-nguyen.com,"PSC 4856, Box 1297APO AA 17032-7944",YellowGreen,13.97,36.67,576,16,6108,4,560,14-04-2025
kennethperry@bowen.org,"272 Frederick LodgeEast Andrew, FL 07414",SlateGray,11.51,36.6,324,5,3039,3,319,15-04-2025
prussell@lopez.com,"9985 Wolf PassBrandimouth, CA 63346",Bisque,11.41,36.38,714,17,7259,3,697,16-04-2025
mosleyjacob@yahoo.com,"PSC 1790, Box 8872APO AE 01821-4769",Orange,12.26,38.86,417,5,8121,5,412,17-04-2025
rhaas@yahoo.com,"4502 Jennifer Prairie Suite 029Lake Jesse, LA 02328-3633",DimGray,12.71,36.17,231,13,1217,4,218,18-04-2025
antonioharris@hotmail.com,"4307 Nicholas Drive Apt. 259Ramirezberg, AS 59832",MediumBlue,13.47,37.07,647,6,4282,5,641,19-04-2025
austinthomas@gmail.com,"5855 Gross Burgs Suite 169Ballland, AS 98525",AntiqueWhite,11.19,36.3,481,12,7288,4,469,20-04-2025
bethsullivan@reed.net,"80500 Mary Corners Apt. 225Wallsville, ME 80526",Beige,11.25,38.68,217,6,7984,5,211,21-04-2025
ncummings@yahoo.com,"344 Jessica StravenueNew Brian, MA 04730-6761",Beige,12.36,36.17,911,12,3965,5,899,22-04-2025
hking@hotmail.com,"85181 Christian Courts Suite 758Larryfurt, MS 38722-6766",PeachPuff,11.76,36.88,622,11,7091,4,611,23-04-2025
annstone@hotmail.com,"543 Reynolds BurgMelindaberg, KY 46631",LightPink,11.76,38.13,457,18,1304,4,439,24-04-2025
christopher44@hotmail.com,"549 Anna AvenuePort Laura, CA 76209-9339",WhiteSmoke,11.55,35.77,749,14,4589,4,735,25-04-2025
autumn88@mendoza-mills.com,"214 Obrien Lakes Suite 572South Jeremy, KS 52867-7617",MediumOrchid,12.48,35.54,427,14,5001,3,413,26-04-2025
dhudson@ramos.net,"5661 Grant CentersStevensfurt, CT 53959",Olive,11.73,36.07,903,13,8140,4,890,27-04-2025
egomez@hotmail.com,"768 Riley Pine Apt. 624Kellymouth, OK 98992-3108",MistyRose,12.21,37.2,499,6,9403,5,493,28-04-2025
kimberlyruiz@smith-gordon.com,"503 Adams Pines Apt. 638North Ashleyside, AZ 34687-6128",DarkRed,11.9,36.87,590,8,5128,3,582,29-04-2025
mooremichelle@logan.com,"07813 Randy PointLake Thomasberg, MO 06013-9920",Pink,12.22,36.36,941,12,9443,5,929,30-04-2025
aaron22@gmail.com,"38678 Sean Drive Suite 293Karentown, IA 78306-2717",DarkGray,12.01,36.53,417,13,6707,5,404,01-05-2025
michelleshepherd@price.com,"6820 Erica Vista Apt. 418Brightside, IA 50639",Orchid,11.91,36.06,131,18,5534,3,113,02-05-2025
zscott@wright.com,"9909 Hoffman Ranch Suite 195Scotthaven, SC 53575",PeachPuff,12.13,38.19,535,13,2757,4,522,03-05-2025
tracy79@wheeler.net,"513 Moore Crescent Apt. 416Amandaberg, GU 03655-2219",Magenta,11.31,37.13,201,14,1747,4,187,04-05-2025
brian28@sanchez.org,"7446 Mary FerryLake Sherryfurt, GA 49066-0207",GhostWhite,11.61,37.68,968,19,5126,3,949,05-05-2025
leonardhancock@hotmail.com,"64147 Alexander Station Apt. 474East Jasonview, MN 83788",SeaShell,11.69,36.81,544,11,3220,4,533,06-05-2025
davidsonkathleen@gmail.com,"70128 Zimmerman OverpassRobertsshire, VA 59860",DarkBlue,11.2,37.84,121,14,7731,4,107,07-05-2025
nathan84@lowery.net,"01242 Stephanie Ways Suite 003Churchville, MO 35617",MediumSeaGreen,12.63,35.54,857,13,3596,5,844,08-05-2025
kellydeborah@chan.biz,"354 Sanchez Wall Suite 884Juliabury, VI 39735",DarkTurquoise,13.35,37.97,397,13,7631,5,384,09-05-2025
lewisjessica@craig-evans.com,"4483 Jones Motorway Suite 872Lake Jamiefurt, UT 75292",Tan,13.57,36.42,765,13,1792,5,752,10-05-2025
katrina56@gmail.com,"172 Owen Divide Suite 497West Richard, CA 19320",PaleVioletRed,11.7,37.19,636,15,8268,5,621,11-05-2025
dale88@hotmail.com,"0787 Andrews Ranch Apt. 633South Chadburgh, TN 56128",Cornsilk,11.5,38.33,204,9,3459,4,195,12-05-2025
cwilson@hotmail.com,"680 Jennifer Lodge Apt. 808Brendachester, TX 05000-5873",Teal,12.39,36.84,299,9,6136,3,290,13-05-2025
hannahwilson@davidson.com,"49791 Rachel Heights Apt. 898East Drewborough, OR 55919-9528",DarkMagenta,12.42,35.77,150,9,8356,5,141,14-05-2025
